<?xml version="1.0" encoding="UTF-8"?>
<GenRun Id="impl_1" LaunchPart="xc7a35tcpg236-1" LaunchTime="1736130545">
  <File Type="BITSTR-BMM" Name="top_VGA_CAMERA_bd.bmm"/>
  <File Type="OPT-METHODOLOGY-DRC" Name="top_VGA_CAMERA_methodology_drc_opted.rpt"/>
  <File Type="INIT-TIMING" Name="top_VGA_CAMERA_timing_summary_init.rpt"/>
  <File Type="ROUTE-PWR" Name="top_VGA_CAMERA_power_routed.rpt"/>
  <File Type="PA-TCL" Name="top_VGA_CAMERA.tcl"/>
  <File Type="OPT-TIMING" Name="top_VGA_CAMERA_timing_summary_opted.rpt"/>
  <File Type="OPT-DCP" Name="top_VGA_CAMERA_opt.dcp"/>
  <File Type="ROUTE-PWR-SUM" Name="top_VGA_CAMERA_power_summary_routed.pb"/>
  <File Type="REPORTS-TCL" Name="top_VGA_CAMERA_reports.tcl"/>
  <File Type="OPT-DRC" Name="top_VGA_CAMERA_drc_opted.rpt"/>
  <File Type="OPT-HWDEF" Name="top_VGA_CAMERA.hwdef"/>
  <File Type="PWROPT-DCP" Name="top_VGA_CAMERA_pwropt.dcp"/>
  <File Type="PWROPT-DRC" Name="top_VGA_CAMERA_drc_pwropted.rpt"/>
  <File Type="PWROPT-TIMING" Name="top_VGA_CAMERA_timing_summary_pwropted.rpt"/>
  <File Type="PLACE-DCP" Name="top_VGA_CAMERA_placed.dcp"/>
  <File Type="PLACE-IO" Name="top_VGA_CAMERA_io_placed.rpt"/>
  <File Type="PLACE-CLK" Name="top_VGA_CAMERA_clock_utilization_placed.rpt"/>
  <File Type="PLACE-UTIL" Name="top_VGA_CAMERA_utilization_placed.rpt"/>
  <File Type="PLACE-UTIL-PB" Name="top_VGA_CAMERA_utilization_placed.pb"/>
  <File Type="PLACE-CTRL" Name="top_VGA_CAMERA_control_sets_placed.rpt"/>
  <File Type="PLACE-SIMILARITY" Name="top_VGA_CAMERA_incremental_reuse_placed.rpt"/>
  <File Type="PLACE-PRE-SIMILARITY" Name="top_VGA_CAMERA_incremental_reuse_pre_placed.rpt"/>
  <File Type="PLACE-TIMING" Name="top_VGA_CAMERA_timing_summary_placed.rpt"/>
  <File Type="POSTPLACE-PWROPT-DCP" Name="top_VGA_CAMERA_postplace_pwropt.dcp"/>
  <File Type="BG-BIN" Name="top_VGA_CAMERA.bin"/>
  <File Type="POSTPLACE-PWROPT-TIMING" Name="top_VGA_CAMERA_timing_summary_postplace_pwropted.rpt"/>
  <File Type="PHYSOPT-DCP" Name="top_VGA_CAMERA_physopt.dcp"/>
  <File Type="PHYSOPT-DRC" Name="top_VGA_CAMERA_drc_physopted.rpt"/>
  <File Type="BITSTR-MSK" Name="top_VGA_CAMERA.msk"/>
  <File Type="PHYSOPT-TIMING" Name="top_VGA_CAMERA_timing_summary_physopted.rpt"/>
  <File Type="ROUTE-ERROR-DCP" Name="top_VGA_CAMERA_routed_error.dcp"/>
  <File Type="ROUTE-DCP" Name="top_VGA_CAMERA_routed.dcp"/>
  <File Type="ROUTE-BLACKBOX-DCP" Name="top_VGA_CAMERA_routed_bb.dcp"/>
  <File Type="ROUTE-DRC" Name="top_VGA_CAMERA_drc_routed.rpt"/>
  <File Type="ROUTE-DRC-PB" Name="top_VGA_CAMERA_drc_routed.pb"/>
  <File Type="ROUTE-DRC-RPX" Name="top_VGA_CAMERA_drc_routed.rpx"/>
  <File Type="BITSTR-MMI" Name="top_VGA_CAMERA.mmi"/>
  <File Type="ROUTE-METHODOLOGY-DRC" Name="top_VGA_CAMERA_methodology_drc_routed.rpt"/>
  <File Type="ROUTE-METHODOLOGY-DRC-RPX" Name="top_VGA_CAMERA_methodology_drc_routed.rpx"/>
  <File Type="ROUTE-METHODOLOGY-DRC-PB" Name="top_VGA_CAMERA_methodology_drc_routed.pb"/>
  <File Type="ROUTE-PWR-RPX" Name="top_VGA_CAMERA_power_routed.rpx"/>
  <File Type="ROUTE-STATUS" Name="top_VGA_CAMERA_route_status.rpt"/>
  <File Type="ROUTE-STATUS-PB" Name="top_VGA_CAMERA_route_status.pb"/>
  <File Type="ROUTE-TIMINGSUMMARY" Name="top_VGA_CAMERA_timing_summary_routed.rpt"/>
  <File Type="ROUTE-TIMING-PB" Name="top_VGA_CAMERA_timing_summary_routed.pb"/>
  <File Type="ROUTE-TIMING-RPX" Name="top_VGA_CAMERA_timing_summary_routed.rpx"/>
  <File Type="ROUTE-SIMILARITY" Name="top_VGA_CAMERA_incremental_reuse_routed.rpt"/>
  <File Type="ROUTE-CLK" Name="top_VGA_CAMERA_clock_utilization_routed.rpt"/>
  <File Type="ROUTE-BUS-SKEW" Name="top_VGA_CAMERA_bus_skew_routed.rpt"/>
  <File Type="ROUTE-BUS-SKEW-PB" Name="top_VGA_CAMERA_bus_skew_routed.pb"/>
  <File Type="ROUTE-BUS-SKEW-RPX" Name="top_VGA_CAMERA_bus_skew_routed.rpx"/>
  <File Type="POSTROUTE-PHYSOPT-DCP" Name="top_VGA_CAMERA_postroute_physopt.dcp"/>
  <File Type="POSTROUTE-PHYSOPT-BLACKBOX-DCP" Name="top_VGA_CAMERA_postroute_physopt_bb.dcp"/>
  <File Type="POSTROUTE-PHYSOPT-TIMING" Name="top_VGA_CAMERA_timing_summary_postroute_physopted.rpt"/>
  <File Type="POSTROUTE-PHYSOPT-TIMING-PB" Name="top_VGA_CAMERA_timing_summary_postroute_physopted.pb"/>
  <File Type="POSTROUTE-PHYSOPT-TIMING-RPX" Name="top_VGA_CAMERA_timing_summary_postroute_physopted.rpx"/>
  <File Type="POSTROUTE-PHYSOPT-BUS-SKEW" Name="top_VGA_CAMERA_bus_skew_postroute_physopted.rpt"/>
  <File Type="POSTROUTE-PHYSOPT-BUS-SKEW-PB" Name="top_VGA_CAMERA_bus_skew_postroute_physopted.pb"/>
  <File Type="BG-BIT" Name="top_VGA_CAMERA.bit"/>
  <File Type="POSTROUTE-PHYSOPT-BUS-SKEW-RPX" Name="top_VGA_CAMERA_bus_skew_postroute_physopted.rpx"/>
  <File Type="BITSTR-RBT" Name="top_VGA_CAMERA.rbt"/>
  <File Type="BITSTR-NKY" Name="top_VGA_CAMERA.nky"/>
  <File Type="PDI-FILE" Name="top_VGA_CAMERA.pdi"/>
  <File Type="RCFI_FILE" Name="top_VGA_CAMERA.rcfi"/>
  <File Type="CFI_FILE" Name="top_VGA_CAMERA.cfi"/>
  <File Type="RNPI_FILE" Name="top_VGA_CAMERA.rnpi"/>
  <File Type="NPI_FILE" Name="top_VGA_CAMERA.npi"/>
  <File Type="RBD_FILE" Name="top_VGA_CAMERA.rbd"/>
  <File Type="BITSTR-LTX" Name="debug_nets.ltx"/>
  <File Type="BITSTR-LTX" Name="top_VGA_CAMERA.ltx"/>
  <File Type="BITSTR-SYSDEF" Name="top_VGA_CAMERA.sysdef"/>
  <File Type="BG-BGN" Name="top_VGA_CAMERA.bgn"/>
  <File Type="BG-DRC" Name="top_VGA_CAMERA.drc"/>
  <File Type="RDI-RDI" Name="top_VGA_CAMERA.vdi"/>
  <File Type="WBT-USG" Name="usage_statistics_webtalk.html"/>
  <FileSet Name="sources" Type="DesignSrcs" RelSrcDir="$PSRCDIR/sources_1" RelGenDir="$PGENDIR/sources_1">
    <Filter Type="Srcs"/>
    <File Path="$PSRCDIR/sources_1/imports/sources_1/imports/new/FrameBuffer.sv">
      <FileInfo>
        <Attr Name="ImportPath" Val="$PPRDIR/../TeamProject_StereoDepth_HO/TeamProject_StereoDepth.srcs/sources_1/imports/new/FrameBuffer.sv"/>
        <Attr Name="ImportTime" Val="1735988256"/>
        <Attr Name="UsedIn" Val="synthesis"/>
        <Attr Name="UsedIn" Val="implementation"/>
        <Attr Name="UsedIn" Val="simulation"/>
      </FileInfo>
    </File>
    <File Path="$PSRCDIR/sources_1/imports/카카오톡 받은 파일/SCCB.sv">
      <FileInfo>
        <Attr Name="ImportPath" Val="C:/Users/kccistc/Documents/카카오톡 받은 파일/SCCB.sv"/>
        <Attr Name="ImportTime" Val="1736054819"/>
        <Attr Name="UsedIn" Val="synthesis"/>
        <Attr Name="UsedIn" Val="implementation"/>
        <Attr Name="UsedIn" Val="simulation"/>
      </FileInfo>
    </File>
    <File Path="$PSRCDIR/sources_1/imports/sources_1/new/disparityGenerator.sv">
      <FileInfo>
        <Attr Name="ImportPath" Val="$PPRDIR/../TeamProject_StereoDepth_HO/TeamProject_StereoDepth.srcs/sources_1/new/disparityGenerator.sv"/>
        <Attr Name="ImportTime" Val="1736006782"/>
        <Attr Name="UsedIn" Val="synthesis"/>
        <Attr Name="UsedIn" Val="implementation"/>
        <Attr Name="UsedIn" Val="simulation"/>
      </FileInfo>
    </File>
    <File Path="$PSRCDIR/sources_1/imports/sources_1/imports/new/ov7670_SetData.sv">
      <FileInfo>
        <Attr Name="ImportPath" Val="$PPRDIR/../TeamProject_StereoDepth_HO/TeamProject_StereoDepth.srcs/sources_1/imports/new/ov7670_SetData.sv"/>
        <Attr Name="ImportTime" Val="1735780452"/>
        <Attr Name="UsedIn" Val="synthesis"/>
        <Attr Name="UsedIn" Val="implementation"/>
        <Attr Name="UsedIn" Val="simulation"/>
      </FileInfo>
    </File>
    <File Path="$PSRCDIR/sources_1/imports/sources_1/imports/new/vga_controller.sv">
      <FileInfo>
        <Attr Name="ImportPath" Val="$PPRDIR/../TeamProject_StereoDepth_HO/TeamProject_StereoDepth.srcs/sources_1/imports/new/vga_controller.sv"/>
        <Attr Name="ImportTime" Val="1735888687"/>
        <Attr Name="UsedIn" Val="synthesis"/>
        <Attr Name="UsedIn" Val="implementation"/>
        <Attr Name="UsedIn" Val="simulation"/>
      </FileInfo>
    </File>
    <File Path="$PSRCDIR/sources_1/imports/sources_1/imports/new/top_VGA_CAMERA.sv">
      <FileInfo>
        <Attr Name="ImportPath" Val="$PPRDIR/../TeamProject_StereoDepth_HO/TeamProject_StereoDepth.srcs/sources_1/imports/new/top_VGA_CAMERA.sv"/>
        <Attr Name="ImportTime" Val="1735990725"/>
        <Attr Name="UsedIn" Val="synthesis"/>
        <Attr Name="UsedIn" Val="implementation"/>
        <Attr Name="UsedIn" Val="simulation"/>
      </FileInfo>
    </File>
    <File Path="$PSRCDIR/sources_1/imports/sources_1/new/SCCB_final.sv">
      <FileInfo>
        <Attr Name="AutoDisabled" Val="1"/>
        <Attr Name="ImportPath" Val="$PPRDIR/../TeamProject_StereoDepth_HO/TeamProject_StereoDepth.srcs/sources_1/new/SCCB_final.sv"/>
        <Attr Name="ImportTime" Val="1735881879"/>
        <Attr Name="UsedIn" Val="synthesis"/>
        <Attr Name="UsedIn" Val="implementation"/>
        <Attr Name="UsedIn" Val="simulation"/>
      </FileInfo>
    </File>
    <File Path="$PSRCDIR/sources_1/imports/Downloads/OV7670_config.v">
      <FileInfo>
        <Attr Name="AutoDisabled" Val="1"/>
        <Attr Name="ImportPath" Val="$PPRDIR/../TeamProject_StereoDepth_HO/TeamProject_StereoDepth.srcs/sources_1/imports/Downloads/OV7670_config.v"/>
        <Attr Name="ImportTime" Val="1735707670"/>
        <Attr Name="UsedIn" Val="synthesis"/>
        <Attr Name="UsedIn" Val="implementation"/>
        <Attr Name="UsedIn" Val="simulation"/>
      </FileInfo>
    </File>
    <File Path="$PSRCDIR/sources_1/imports/Downloads/OV7670_config_rom.v">
      <FileInfo>
        <Attr Name="AutoDisabled" Val="1"/>
        <Attr Name="ImportPath" Val="$PPRDIR/../TeamProject_StereoDepth_HO/TeamProject_StereoDepth.srcs/sources_1/imports/Downloads/OV7670_config_rom.v"/>
        <Attr Name="ImportTime" Val="1735986939"/>
        <Attr Name="UsedIn" Val="synthesis"/>
        <Attr Name="UsedIn" Val="implementation"/>
        <Attr Name="UsedIn" Val="simulation"/>
      </FileInfo>
    </File>
    <File Path="$PSRCDIR/sources_1/imports/Downloads/SCCB_interface.v">
      <FileInfo>
        <Attr Name="AutoDisabled" Val="1"/>
        <Attr Name="ImportPath" Val="$PPRDIR/../TeamProject_StereoDepth_HO/TeamProject_StereoDepth.srcs/sources_1/imports/Downloads/SCCB_interface.v"/>
        <Attr Name="ImportTime" Val="1735649708"/>
        <Attr Name="UsedIn" Val="synthesis"/>
        <Attr Name="UsedIn" Val="implementation"/>
        <Attr Name="UsedIn" Val="simulation"/>
      </FileInfo>
    </File>
    <File Path="$PSRCDIR/sources_1/imports/Downloads/camera_configure.v">
      <FileInfo>
        <Attr Name="AutoDisabled" Val="1"/>
        <Attr Name="ImportPath" Val="$PPRDIR/../TeamProject_StereoDepth_HO/TeamProject_StereoDepth.srcs/sources_1/imports/Downloads/camera_configure.v"/>
        <Attr Name="ImportTime" Val="1735707038"/>
        <Attr Name="UsedIn" Val="synthesis"/>
        <Attr Name="UsedIn" Val="implementation"/>
        <Attr Name="UsedIn" Val="simulation"/>
      </FileInfo>
    </File>
    <Config>
      <Option Name="DesignMode" Val="RTL"/>
      <Option Name="TopModule" Val="top_VGA_CAMERA"/>
      <Option Name="TopAutoSet" Val="TRUE"/>
    </Config>
  </FileSet>
  <FileSet Name="constrs_in" Type="Constrs" RelSrcDir="$PSRCDIR/constrs_1">
    <Filter Type="Constrs"/>
    <File Path="$PSRCDIR/constrs_1/imports/Downloads/MY_Basys-3-Master.xdc">
      <FileInfo>
        <Attr Name="ImportPath" Val="$PPRDIR/../TeamProject_StereoDepth_HO/TeamProject_StereoDepth.srcs/constrs_1/imports/Downloads/MY_Basys-3-Master.xdc"/>
        <Attr Name="ImportTime" Val="1736008006"/>
        <Attr Name="UsedIn" Val="synthesis"/>
        <Attr Name="UsedIn" Val="implementation"/>
      </FileInfo>
    </File>
    <Config>
      <Option Name="ConstrsType" Val="XDC"/>
    </Config>
  </FileSet>
  <FileSet Name="utils" Type="Utils" RelSrcDir="$PSRCDIR/utils_1">
    <Filter Type="Utils"/>
    <Config>
      <Option Name="TopAutoSet" Val="TRUE"/>
    </Config>
  </FileSet>
  <Strategy Version="1" Minor="2">
    <StratHandle Name="Vivado Implementation Defaults" Flow="Vivado Implementation 2020"/>
    <Step Id="init_design"/>
    <Step Id="opt_design"/>
    <Step Id="power_opt_design"/>
    <Step Id="place_design"/>
    <Step Id="post_place_power_opt_design"/>
    <Step Id="phys_opt_design"/>
    <Step Id="route_design"/>
    <Step Id="post_route_phys_opt_design"/>
    <Step Id="write_bitstream"/>
  </Strategy>
  <BlockFileSet Type="BlockSrcs" Name="clk_wiz_0"/>
</GenRun>
