<?xml version="1.0" encoding="UTF-8"?>
<GenRun Id="synth_1" LaunchPart="xc7a35tcpg236-1" LaunchTime="1736216999">
  <File Type="PA-TCL" Name="top_VGA_CAMERA.tcl"/>
  <File Type="RDS-PROPCONSTRS" Name="top_VGA_CAMERA_drc_synth.rpt"/>
  <File Type="REPORTS-TCL" Name="top_VGA_CAMERA_reports.tcl"/>
  <File Type="RDS-RDS" Name="top_VGA_CAMERA.vds"/>
  <File Type="RDS-UTIL" Name="top_VGA_CAMERA_utilization_synth.rpt"/>
  <File Type="RDS-UTIL-PB" Name="top_VGA_CAMERA_utilization_synth.pb"/>
  <File Type="RDS-DCP" Name="top_VGA_CAMERA.dcp"/>
  <File Type="VDS-TIMINGSUMMARY" Name="top_VGA_CAMERA_timing_summary_synth.rpt"/>
  <File Type="VDS-TIMING-PB" Name="top_VGA_CAMERA_timing_summary_synth.pb"/>
  <FileSet Name="sources" Type="DesignSrcs" RelSrcDir="$PSRCDIR/sources_1" RelGenDir="$PGENDIR/sources_1">
    <Filter Type="Srcs"/>
    <File Path="$PSRCDIR/sources_1/imports/sources_1/imports/new/FrameBuffer.sv">
      <FileInfo>
        <Attr Name="ImportPath" Val="$PPRDIR/../TeamProject_StereoDepth_HO/TeamProject_StereoDepth.srcs/sources_1/imports/new/FrameBuffer.sv"/>
        <Attr Name="ImportTime" Val="1735988256"/>
        <Attr Name="UsedIn" Val="synthesis"/>
        <Attr Name="UsedIn" Val="implementation"/>
        <Attr Name="UsedIn" Val="simulation"/>
      </FileInfo>
    </File>
    <File Path="$PSRCDIR/sources_1/imports/카카오톡 받은 파일/SCCB.sv">
      <FileInfo>
        <Attr Name="ImportPath" Val="C:/Users/kccistc/Documents/카카오톡 받은 파일/SCCB.sv"/>
        <Attr Name="ImportTime" Val="1736054819"/>
        <Attr Name="UsedIn" Val="synthesis"/>
        <Attr Name="UsedIn" Val="implementation"/>
        <Attr Name="UsedIn" Val="simulation"/>
      </FileInfo>
    </File>
    <File Path="$PSRCDIR/sources_1/imports/sources_1/new/disparityGenerator.sv">
      <FileInfo>
        <Attr Name="ImportPath" Val="$PPRDIR/../TeamProject_StereoDepth_HO/TeamProject_StereoDepth.srcs/sources_1/new/disparityGenerator.sv"/>
        <Attr Name="ImportTime" Val="1736006782"/>
        <Attr Name="UsedIn" Val="synthesis"/>
        <Attr Name="UsedIn" Val="implementation"/>
        <Attr Name="UsedIn" Val="simulation"/>
      </FileInfo>
    </File>
    <File Path="$PSRCDIR/sources_1/imports/sources_1/imports/new/ov7670_SetData.sv">
      <FileInfo>
        <Attr Name="ImportPath" Val="$PPRDIR/../TeamProject_StereoDepth_HO/TeamProject_StereoDepth.srcs/sources_1/imports/new/ov7670_SetData.sv"/>
        <Attr Name="ImportTime" Val="1735780452"/>
        <Attr Name="UsedIn" Val="synthesis"/>
        <Attr Name="UsedIn" Val="implementation"/>
        <Attr Name="UsedIn" Val="simulation"/>
      </FileInfo>
    </File>
    <File Path="$PSRCDIR/sources_1/imports/sources_1/imports/new/vga_controller.sv">
      <FileInfo>
        <Attr Name="ImportPath" Val="$PPRDIR/../TeamProject_StereoDepth_HO/TeamProject_StereoDepth.srcs/sources_1/imports/new/vga_controller.sv"/>
        <Attr Name="ImportTime" Val="1735888687"/>
        <Attr Name="UsedIn" Val="synthesis"/>
        <Attr Name="UsedIn" Val="implementation"/>
        <Attr Name="UsedIn" Val="simulation"/>
      </FileInfo>
    </File>
    <File Path="$PSRCDIR/sources_1/imports/sources_1/imports/new/top_VGA_CAMERA.sv">
      <FileInfo>
        <Attr Name="ImportPath" Val="$PPRDIR/../TeamProject_StereoDepth_HO/TeamProject_StereoDepth.srcs/sources_1/imports/new/top_VGA_CAMERA.sv"/>
        <Attr Name="ImportTime" Val="1735990725"/>
        <Attr Name="UsedIn" Val="synthesis"/>
        <Attr Name="UsedIn" Val="implementation"/>
        <Attr Name="UsedIn" Val="simulation"/>
      </FileInfo>
    </File>
    <File Path="$PSRCDIR/sources_1/new/DepthAlgorithm.sv">
      <FileInfo>
        <Attr Name="AutoDisabled" Val="1"/>
        <Attr Name="UsedIn" Val="synthesis"/>
        <Attr Name="UsedIn" Val="implementation"/>
        <Attr Name="UsedIn" Val="simulation"/>
      </FileInfo>
    </File>
    <File Path="$PSRCDIR/sources_1/imports/Downloads/OV7670_config.v">
      <FileInfo>
        <Attr Name="AutoDisabled" Val="1"/>
        <Attr Name="ImportPath" Val="$PPRDIR/../TeamProject_StereoDepth_HO/TeamProject_StereoDepth.srcs/sources_1/imports/Downloads/OV7670_config.v"/>
        <Attr Name="ImportTime" Val="1735707670"/>
        <Attr Name="UsedIn" Val="synthesis"/>
        <Attr Name="UsedIn" Val="implementation"/>
        <Attr Name="UsedIn" Val="simulation"/>
      </FileInfo>
    </File>
    <File Path="$PSRCDIR/sources_1/imports/Downloads/SCCB_interface.v">
      <FileInfo>
        <Attr Name="AutoDisabled" Val="1"/>
        <Attr Name="ImportPath" Val="$PPRDIR/../TeamProject_StereoDepth_HO/TeamProject_StereoDepth.srcs/sources_1/imports/Downloads/SCCB_interface.v"/>
        <Attr Name="ImportTime" Val="1735649708"/>
        <Attr Name="UsedIn" Val="synthesis"/>
        <Attr Name="UsedIn" Val="implementation"/>
        <Attr Name="UsedIn" Val="simulation"/>
      </FileInfo>
    </File>
    <File Path="$PSRCDIR/sources_1/imports/Downloads/camera_configure.v">
      <FileInfo>
        <Attr Name="AutoDisabled" Val="1"/>
        <Attr Name="ImportPath" Val="$PPRDIR/../TeamProject_StereoDepth_HO/TeamProject_StereoDepth.srcs/sources_1/imports/Downloads/camera_configure.v"/>
        <Attr Name="ImportTime" Val="1735707038"/>
        <Attr Name="UsedIn" Val="synthesis"/>
        <Attr Name="UsedIn" Val="implementation"/>
        <Attr Name="UsedIn" Val="simulation"/>
      </FileInfo>
    </File>
    <File Path="$PSRCDIR/sources_1/imports/sources_1/new/SCCB_final.sv">
      <FileInfo>
        <Attr Name="AutoDisabled" Val="1"/>
        <Attr Name="ImportPath" Val="$PPRDIR/../TeamProject_StereoDepth_HO/TeamProject_StereoDepth.srcs/sources_1/new/SCCB_final.sv"/>
        <Attr Name="ImportTime" Val="1735881879"/>
        <Attr Name="UsedIn" Val="synthesis"/>
        <Attr Name="UsedIn" Val="implementation"/>
        <Attr Name="UsedIn" Val="simulation"/>
      </FileInfo>
    </File>
    <File Path="$PSRCDIR/sources_1/imports/Downloads/OV7670_config_rom.v">
      <FileInfo>
        <Attr Name="AutoDisabled" Val="1"/>
        <Attr Name="ImportPath" Val="$PPRDIR/../TeamProject_StereoDepth_HO/TeamProject_StereoDepth.srcs/sources_1/imports/Downloads/OV7670_config_rom.v"/>
        <Attr Name="ImportTime" Val="1735986939"/>
        <Attr Name="UsedIn" Val="synthesis"/>
        <Attr Name="UsedIn" Val="implementation"/>
        <Attr Name="UsedIn" Val="simulation"/>
      </FileInfo>
    </File>
    <Config>
      <Option Name="DesignMode" Val="RTL"/>
      <Option Name="TopModule" Val="top_VGA_CAMERA"/>
      <Option Name="TopAutoSet" Val="TRUE"/>
    </Config>
  </FileSet>
  <FileSet Name="constrs_in" Type="Constrs" RelSrcDir="$PSRCDIR/constrs_1">
    <Filter Type="Constrs"/>
    <File Path="$PSRCDIR/constrs_1/imports/Downloads/MY_Basys-3-Master.xdc">
      <FileInfo>
        <Attr Name="ImportPath" Val="$PPRDIR/../TeamProject_StereoDepth_HO/TeamProject_StereoDepth.srcs/constrs_1/imports/Downloads/MY_Basys-3-Master.xdc"/>
        <Attr Name="ImportTime" Val="1736008006"/>
        <Attr Name="UsedIn" Val="synthesis"/>
        <Attr Name="UsedIn" Val="implementation"/>
      </FileInfo>
    </File>
    <Config>
      <Option Name="ConstrsType" Val="XDC"/>
    </Config>
  </FileSet>
  <FileSet Name="utils" Type="Utils" RelSrcDir="$PSRCDIR/utils_1">
    <Filter Type="Utils"/>
    <Config>
      <Option Name="TopAutoSet" Val="TRUE"/>
    </Config>
  </FileSet>
  <Strategy Version="1" Minor="2">
    <StratHandle Name="Vivado Synthesis Defaults" Flow="Vivado Synthesis 2020"/>
    <Step Id="synth_design"/>
  </Strategy>
  <BlockFileSet Type="BlockSrcs" Name="clk_wiz_0"/>
</GenRun>
